{
  "categories" : [ 
    { "id": "1", "title": "BREAD & BAKERY", "imageL": "http://placehold.it/1110x480", "imageS": "http://placehold.it/270x171", "desc": "The best cupcakes, cookies, cakes, pies, cheesecakes, fresh bread, biscotti, muffins, bagels, fresh coffee and more." },
    { "id": "2", "title": "TAKEAWAY", "imageL": "http://placehold.it/1110x480", "imageS": "http://placehold.it/270x171", "desc": "It's consistently excellent, dishes are superb and healthily cooked with high quality ingredients." },
    { "id": "3", "title": "DAIRY", "imageL": "http://placehold.it/1110x480", "imageS": "http://placehold.it/270x171", "desc": "A dairy product is food produced from the milk of mammals, primarily cows, water buffaloes, goats, sheep, yaks." },
    { "id": "4", "title": "MEAT", "imageL": "http://placehold.it/1110x480", "imageS": "http://placehold.it/270x171", "desc": "Only superior quality beef, lamb, pork." },
    { "id": "5", "title": "SEAFOOD", "imageL": "http://placehold.it/1110x480", "imageS": "http://placehold.it/270x171", "desc": "Great place to buy fresh seafood." },
    { "id": "6", "title": "FRUIT & VEG", "imageL": "http://placehold.it/1110x480", "imageS": "http://placehold.it/270x171", "desc": "A variety of fresh fruits and vegetables." }
  ],
  "products" : [ 
    { "id": "1", "categoryId": "1", "title": "BAGUETTE", "price": 1.5, "isSpecial": false, "imageL": "http://placehold.it/1110x480", "imageS": "http://placehold.it/270x171", "desc": "Great eaten fresh from oven. Used to make sub sandwiches, etc." },
    { "id": "2", "categoryId": "1", "title": "CROISSANTS", "price": 0.5, "isSpecial": true, "imageL": "http://placehold.it/1110x480", "imageS": "http://placehold.it/270x171", "desc": "A croissant is a buttery, flaky, viennoiserie-pastry named for its well-known crescent shape." },
    { "id": "3", "categoryId": "2", "title": "PIZZA", "price": 1.2, "isSpecial": false, "imageL": "http://placehold.it/1110x480", "imageS": "http://placehold.it/270x171", "desc": "Pizza is a flatbread generally topped with tomato sauce and cheese and baked in an oven." },
    { "id": "4", "categoryId": "3", "title": "MILK", "price": 1.7, "isSpecial": false, "imageL": "http://placehold.it/1110x480", "imageS": "http://placehold.it/270x171", "desc": "Milk is a pale liquid produced by the mammary glands of mammals" },
    { "id": "5", "categoryId": "3", "title": "CREAM CHEESE", "price": 2.35, "isSpecial": false, "imageL": "http://placehold.it/1110x480", "imageS": "http://placehold.it/270x171", "desc": "Cream cheese is a soft, mild-tasting fresh cheese with a high fat content." },
    { "id": "6", "categoryId": "4", "title": "PORK TENDERLOIN", "price": 5.60, "isSpecial": false, "imageL": "http://placehold.it/1110x480", "imageS": "http://placehold.it/270x171", "desc": "The pork tenderloin, in some countries called pork fillet, is a cut of pork. " },
    { "id": "7", "categoryId": "4", "title": "RIBS", "price": 4.85, "isSpecial": false, "imageL": "http://placehold.it/1110x480", "imageS": "http://placehold.it/270x171", "desc": "Pork ribs are a cut of pork popular in North American and Asian cuisines. " },
    { "id": "8", "categoryId": "4", "title": "GROUND BEEF", "price": 9.20, "isSpecial": false, "imageL": "http://placehold.it/1110x480", "imageS": "http://placehold.it/270x171", "desc": "Ground beef, beef mince, minced beef, minced meat is a ground meat made of beef that has been finely chopped with a large knife or a meat grinder." },
    { "id": "9", "categoryId": "5", "title": "TUNA", "price": 3.45, "isSpecial": false, "imageL": "http://placehold.it/1110x480", "imageS": "http://placehold.it/270x171", "desc": "A tuna is a saltwater finfish that belongs to the tribe Thunnini, a sub-grouping of the mackerel family – which together with the tunas, also includes the bonitos, ackerels, and Spanish mackerels." },
    { "id": "10", "categoryId": "5", "title": "SALMON", "price": 4.55, "isSpecial": false, "imageL": "http://placehold.it/1110x480", "imageS": "http://placehold.it/270x171", "desc": "Salmon is the common name for several species of ray-finned fish in the family Salmonidae." },
    { "id": "11", "categoryId": "5", "title": "OYSTERS", "price": 7.80, "isSpecial": false, "imageL": "http://placehold.it/1110x480", "imageS": "http://placehold.it/270x171", "desc": "The word oyster is used as a common name for a number of different families of saltwater clams, bivalve molluscs that live in marine or brackish habitats." },
    { "id": "12", "categoryId": "5", "title": "SCALOPS", "price": 2.70, "isSpecial": false, "imageL": "http://placehold.it/1110x480", "imageS": "http://placehold.it/270x171", "desc": "Scallop is a common name that is primarily applied to any one of numerous species of saltwater clams or marine bivalve mollusks in the taxonomic family Pectinidae, the scallops." },
    { "id": "13", "categoryId": "6", "title": "BANANA", "price": 1.55, "isSpecial": false, "imageL": "http://placehold.it/1110x480", "imageS": "http://placehold.it/270x171", "desc": "The banana is an edible fruit, botanically a berry, produced by several kinds of large herbaceous flowering plants in the genus Musa." },
    { "id": "14", "categoryId": "6", "title": "CUCUMBER", "price": 1.05, "isSpecial": false, "imageL": "http://placehold.it/1110x480", "imageS": "http://placehold.it/270x171", "desc": "Cucumber is a widely cultivated plant in the gourd family, Cucurbitaceae. " },
    { "id": "15", "categoryId": "6", "title": "APPLE", "price": 0.80, "isSpecial": false, "imageL": "http://placehold.it/1110x480", "imageS": "http://placehold.it/270x171", "desc": "The apple tree is a deciduous tree in the rose family best known for its sweet, pomaceous fruit, the apple." },
    { "id": "16", "categoryId": "6", "title": "LEMON", "price": 3.20, "isSpecial": false, "imageL": "http://placehold.it/1110x480", "imageS": "http://placehold.it/270x171", "desc": "The lemon is a species of small evergreen tree native to Asia." },
    { "id": "17", "categoryId": "6", "title": "PEAR", "price": 4.25, "isSpecial": false, "imageL": "http://placehold.it/1110x480", "imageS": "http://placehold.it/270x171", "desc": "The pear is any of several tree and shrub species of genus Pyrus, in the family Rosaceae." }
   ]
}